<?xml version="1.0" encoding="utf-8"?>
<System>
  <P Name="Location">[223, 338, 826, 833]</P>
  <P Name="SIDHighWatermark">35</P>
  <Block BlockType="Inport" Name="v1" SID="18::1">
    <P Name="Position">[20, 101, 40, 119]</P>
    <P Name="ZOrder">-1</P>
  </Block>
  <Block BlockType="Inport" Name="v2" SID="18::28">
    <P Name="Position">[20, 136, 40, 154]</P>
    <P Name="ZOrder">19</P>
    <P Name="Port">2</P>
  </Block>
  <Block BlockType="Inport" Name="h1" SID="18::29">
    <P Name="Position">[20, 171, 40, 189]</P>
    <P Name="ZOrder">20</P>
    <P Name="Port">3</P>
  </Block>
  <Block BlockType="Inport" Name="h2" SID="18::30">
    <P Name="Position">[20, 206, 40, 224]</P>
    <P Name="ZOrder">21</P>
    <P Name="Port">4</P>
  </Block>
  <Block BlockType="Inport" Name="h3" SID="18::31">
    <P Name="Position">[20, 246, 40, 264]</P>
    <P Name="ZOrder">22</P>
    <P Name="Port">5</P>
  </Block>
  <Block BlockType="Inport" Name="h4" SID="18::32">
    <P Name="Position">[20, 281, 40, 299]</P>
    <P Name="ZOrder">23</P>
    <P Name="Port">6</P>
  </Block>
  <Block BlockType="Demux" Name=" Demux " SID="18::26">
    <PortCounts in="1" out="1"/>
    <P Name="Position">[270, 280, 320, 320]</P>
    <P Name="ZOrder">17</P>
    <P Name="Outputs">1</P>
  </Block>
  <Block BlockType="S-Function" Name=" SFunction " SID="18::25">
    <P Name="Tag">Stateflow S-Function 2</P>
    <PortCounts in="6" out="5"/>
    <P Name="Position">[180, 107, 230, 248]</P>
    <P Name="ZOrder">16</P>
    <P Name="FunctionName">sf_sfun</P>
    <P Name="PortCounts">[6 5]</P>
    <P Name="SFunctionDeploymentMode">off</P>
    <P Name="EnableBusSupport">on</P>
    <P Name="SFcnIsStateOwnerBlock">off</P>
    <PortProperties>
      <Port Type="out" Index="2">
        <P Name="Name">dh1dt</P>
      </Port>
      <Port Type="out" Index="3">
        <P Name="Name">dh2dt</P>
      </Port>
      <Port Type="out" Index="4">
        <P Name="Name">dh3dt</P>
      </Port>
      <Port Type="out" Index="5">
        <P Name="Name">dh4dt</P>
      </Port>
    </PortProperties>
  </Block>
  <Block BlockType="Terminator" Name=" Terminator " SID="18::27">
    <P Name="Position">[460, 291, 480, 309]</P>
    <P Name="ZOrder">18</P>
  </Block>
  <Block BlockType="Outport" Name="dh1dt" SID="18::5">
    <P Name="Position">[460, 101, 480, 119]</P>
    <P Name="ZOrder">-5</P>
  </Block>
  <Block BlockType="Outport" Name="dh2dt" SID="18::33">
    <P Name="Position">[460, 136, 480, 154]</P>
    <P Name="ZOrder">24</P>
    <P Name="Port">2</P>
  </Block>
  <Block BlockType="Outport" Name="dh3dt" SID="18::34">
    <P Name="Position">[460, 171, 480, 189]</P>
    <P Name="ZOrder">25</P>
    <P Name="Port">3</P>
  </Block>
  <Block BlockType="Outport" Name="dh4dt" SID="18::35">
    <P Name="Position">[460, 206, 480, 224]</P>
    <P Name="ZOrder">26</P>
    <P Name="Port">4</P>
  </Block>
  <Line>
    <P Name="ZOrder">1</P>
    <P Name="Src">18::1#out:1</P>
    <P Name="Dst">18::25#in:1</P>
  </Line>
  <Line>
    <P Name="ZOrder">2</P>
    <P Name="Src">18::28#out:1</P>
    <P Name="Dst">18::25#in:2</P>
  </Line>
  <Line>
    <P Name="ZOrder">3</P>
    <P Name="Src">18::29#out:1</P>
    <P Name="Dst">18::25#in:3</P>
  </Line>
  <Line>
    <P Name="ZOrder">4</P>
    <P Name="Src">18::30#out:1</P>
    <P Name="Dst">18::25#in:4</P>
  </Line>
  <Line>
    <P Name="ZOrder">5</P>
    <P Name="Src">18::31#out:1</P>
    <P Name="Dst">18::25#in:5</P>
  </Line>
  <Line>
    <P Name="ZOrder">6</P>
    <P Name="Src">18::32#out:1</P>
    <P Name="Dst">18::25#in:6</P>
  </Line>
  <Line>
    <P Name="Name">dh1dt</P>
    <P Name="ZOrder">7</P>
    <P Name="Labels">[0, 0]</P>
    <P Name="Src">18::25#out:2</P>
    <P Name="Dst">18::5#in:1</P>
  </Line>
  <Line>
    <P Name="Name">dh2dt</P>
    <P Name="ZOrder">8</P>
    <P Name="Labels">[0, 0]</P>
    <P Name="Src">18::25#out:3</P>
    <P Name="Dst">18::33#in:1</P>
  </Line>
  <Line>
    <P Name="Name">dh3dt</P>
    <P Name="ZOrder">9</P>
    <P Name="Labels">[0, 0]</P>
    <P Name="Src">18::25#out:4</P>
    <P Name="Dst">18::34#in:1</P>
  </Line>
  <Line>
    <P Name="Name">dh4dt</P>
    <P Name="ZOrder">10</P>
    <P Name="Labels">[0, 0]</P>
    <P Name="Src">18::25#out:5</P>
    <P Name="Points">[120, 0; 0, -25]</P>
    <P Name="Dst">18::35#in:1</P>
  </Line>
  <Line>
    <P Name="ZOrder">11</P>
    <P Name="Src">18::26#out:1</P>
    <P Name="Dst">18::27#in:1</P>
  </Line>
  <Line>
    <P Name="ZOrder">12</P>
    <P Name="Src">18::25#out:1</P>
    <P Name="Points">[15, 0; 0, 180]</P>
    <P Name="Dst">18::26#in:1</P>
  </Line>
</System>
