<?xml version="1.0" encoding="utf-8"?>
<System>
  <P Name="Location">[-1, -7, 1537, 817]</P>
  <P Name="ZoomFactor">86</P>
  <Block BlockType="Inport" Name="v1" SID="20">
    <P Name="Position">[20, 48, 50, 62]</P>
    <P Name="ZOrder">563</P>
  </Block>
  <Block BlockType="Inport" Name="v2" SID="25">
    <P Name="Position">[65, 143, 95, 157]</P>
    <P Name="ZOrder">568</P>
    <P Name="Port">2</P>
  </Block>
  <Block BlockType="Integrator" Name="Integrator" SID="14">
    <PortCounts in="1" out="1"/>
    <P Name="Position">[385, 90, 415, 120]</P>
    <P Name="ZOrder">559</P>
  </Block>
  <Block BlockType="Integrator" Name="Integrator1" SID="15">
    <PortCounts in="1" out="1"/>
    <P Name="Position">[385, 175, 415, 205]</P>
    <P Name="ZOrder">560</P>
  </Block>
  <Block BlockType="Integrator" Name="Integrator2" SID="16">
    <PortCounts in="1" out="1"/>
    <P Name="Position">[385, 260, 415, 290]</P>
    <P Name="ZOrder">561</P>
  </Block>
  <Block BlockType="Integrator" Name="Integrator3" SID="17">
    <PortCounts in="1" out="1"/>
    <P Name="Position">[385, 345, 415, 375]</P>
    <P Name="ZOrder">562</P>
  </Block>
  <Block BlockType="SubSystem" Name="MATLAB Function" SID="18">
    <PortCounts in="6" out="4"/>
    <P Name="Position">[230, 63, 315, 402]</P>
    <P Name="ZOrder">557</P>
    <P Name="ErrorFcn">Stateflow.Translate.translate</P>
    <P Name="PermitHierarchicalResolution">ExplicitOnly</P>
    <P Name="TreatAsAtomicUnit">on</P>
    <P Name="SFBlockType">MATLAB Function</P>
    <P Name="ContentPreviewEnabled">on</P>
    <PortProperties>
      <Port Type="out" Index="1">
        <P Name="PropagatedSignals">dh1dt</P>
      </Port>
      <Port Type="out" Index="2">
        <P Name="PropagatedSignals">dh2dt</P>
      </Port>
      <Port Type="out" Index="3">
        <P Name="PropagatedSignals">dh3dt</P>
      </Port>
      <Port Type="out" Index="4">
        <P Name="PropagatedSignals">dh4dt</P>
      </Port>
    </PortProperties>
    <System Ref="system_18"/>
  </Block>
  <Block BlockType="Outport" Name="Out1" SID="21">
    <P Name="Position">[555, 98, 585, 112]</P>
    <P Name="ZOrder">564</P>
  </Block>
  <Block BlockType="Outport" Name="Out2" SID="22">
    <P Name="Position">[575, 183, 605, 197]</P>
    <P Name="ZOrder">565</P>
    <P Name="Port">2</P>
  </Block>
  <Block BlockType="Outport" Name="Out3" SID="23">
    <P Name="Position">[600, 268, 630, 282]</P>
    <P Name="ZOrder">566</P>
    <P Name="Port">3</P>
  </Block>
  <Block BlockType="Outport" Name="Out4" SID="24">
    <P Name="Position">[600, 353, 630, 367]</P>
    <P Name="ZOrder">567</P>
    <P Name="Port">4</P>
  </Block>
  <Line>
    <P Name="ZOrder">13</P>
    <P Name="Src">17#out:1</P>
    <P Name="Points">[10, 0]</P>
    <Branch>
      <P Name="ZOrder">31</P>
      <P Name="Dst">24#in:1</P>
    </Branch>
    <Branch>
      <P Name="ZOrder">12</P>
      <P Name="Points">[0, 66; -224, 0; 0, -56]</P>
      <P Name="Dst">18#in:6</P>
    </Branch>
  </Line>
  <Line>
    <P Name="ZOrder">10</P>
    <P Name="Src">16#out:1</P>
    <P Name="Points">[51, 0]</P>
    <Branch>
      <P Name="ZOrder">30</P>
      <P Name="Dst">23#in:1</P>
    </Branch>
    <Branch>
      <P Name="ZOrder">9</P>
      <P Name="Points">[0, 186; -289, 0; 0, -146]</P>
      <P Name="Dst">18#in:5</P>
    </Branch>
  </Line>
  <Line>
    <P Name="ZOrder">16</P>
    <P Name="Src">15#out:1</P>
    <P Name="Points">[79, 0]</P>
    <Branch>
      <P Name="ZOrder">29</P>
      <P Name="Dst">22#in:1</P>
    </Branch>
    <Branch>
      <P Name="ZOrder">15</P>
      <P Name="Points">[0, -166; -305, 0; 0, 236]</P>
      <P Name="Dst">18#in:4</P>
    </Branch>
  </Line>
  <Line>
    <P Name="ZOrder">23</P>
    <P Name="Src">18#out:2</P>
    <P Name="Dst">15#in:1</P>
  </Line>
  <Line>
    <P Name="ZOrder">20</P>
    <P Name="Src">18#out:3</P>
    <P Name="Dst">16#in:1</P>
  </Line>
  <Line>
    <P Name="ZOrder">22</P>
    <P Name="Src">18#out:1</P>
    <P Name="Dst">14#in:1</P>
  </Line>
  <Line>
    <P Name="ZOrder">21</P>
    <P Name="Src">18#out:4</P>
    <P Name="Dst">17#in:1</P>
  </Line>
  <Line>
    <P Name="ZOrder">19</P>
    <P Name="Src">14#out:1</P>
    <P Name="Points">[64, 0]</P>
    <Branch>
      <P Name="ZOrder">28</P>
      <P Name="Dst">21#in:1</P>
    </Branch>
    <Branch>
      <P Name="ZOrder">18</P>
      <P Name="Points">[0, -66; -278, 0; 0, 166]</P>
      <P Name="Dst">18#in:3</P>
    </Branch>
  </Line>
  <Line>
    <P Name="ZOrder">27</P>
    <P Name="Src">20#out:1</P>
    <P Name="Points">[88, 0; 0, 40]</P>
    <P Name="Dst">18#in:1</P>
  </Line>
  <Line>
    <P Name="ZOrder">32</P>
    <P Name="Src">25#out:1</P>
    <P Name="Dst">18#in:2</P>
  </Line>
</System>
