<?xml version="1.0" encoding="utf-8"?>
<System>
  <P Name="Location">[-1, -7, 1537, 817]</P>
  <P Name="Open">on</P>
  <P Name="ZoomFactor">50</P>
  <P Name="ReportName">simulink-default.rpt</P>
  <P Name="SIDHighWatermark">37</P>
  <Block BlockType="Demux" Name="Demux" SID="26">
    <PortCounts in="1" out="2"/>
    <P Name="Position">[685, 31, 690, 69]</P>
    <P Name="ZOrder">568</P>
    <P Name="Outputs">2</P>
  </Block>
  <Block BlockType="Demux" Name="Demux1" SID="27">
    <PortCounts in="1" out="2"/>
    <P Name="Position">[655, -289, 660, -251]</P>
    <P Name="ZOrder">569</P>
    <P Name="Outputs">2</P>
    <PortProperties>
      <Port Type="out" Index="1">
        <P Name="Name">v1</P>
      </Port>
      <Port Type="out" Index="2">
        <P Name="Name">v2</P>
      </Port>
    </PortProperties>
  </Block>
  <Block BlockType="Reference" Name="Extended Kalman Filter" SID="2">
    <PortCounts in="2" out="1"/>
    <P Name="Position">[220, 578, 445, 742]</P>
    <P Name="ZOrder">550</P>
    <P Name="BlockMirror">on</P>
    <P Name="BackgroundColor">[0.635294, 0.078431, 0.184314]</P>
    <P Name="LibrarySourceBlock">cstblocks/State Estimation/Extended Kalman Filter</P>
    <P Name="LibraryVersion">7.0</P>
    <P Name="SourceBlock">sharedTrackingLibrary/Extended Kalman Filter</P>
    <P Name="SourceType">Extended Kalman Filter</P>
    <InstanceData>
      <P Name="RTWMemSecFuncInitTerm">Inherit from model</P>
      <P Name="RTWMemSecFuncExecute">Inherit from model</P>
      <P Name="RTWMemSecDataConstants">Inherit from model</P>
      <P Name="RTWMemSecDataInternal">Inherit from model</P>
      <P Name="RTWMemSecDataParameters">Inherit from model</P>
      <P Name="ContentPreviewEnabled">on</P>
      <P Name="StateTransitionFcn">four_tankStateFcnDT</P>
      <P Name="HasStateTransitionJacobianFcn">off</P>
      <P Name="HasAdditiveProcessNoise">Additive</P>
      <P Name="ProcessNoise">[1e-2;1e-2;1e-2;1e-2]</P>
      <P Name="HasTimeVaryingProcessNoise">off</P>
      <P Name="HasStateTransitionFcnExtraArgument">1</P>
      <P Name="InitialState">h0</P>
      <P Name="InitialStateCovariance">[1;1;1;1]</P>
      <P Name="MeasurementFcn1">four_tankMeasFcn</P>
      <P Name="HasMeasurementJacobianFcn1">off</P>
      <P Name="HasMeasurementEnablePort1">off</P>
      <P Name="HasAdditiveMeasurementNoise1">Additive</P>
      <P Name="MeasurementNoise1">[1e-1;1e-1;1e-1;1e-1]</P>
      <P Name="HasTimeVaryingMeasurementNoise1">off</P>
      <P Name="HasMeasurementFcnExtraArgument1">0</P>
      <P Name="HasMeasurementWrapping1">off</P>
      <P Name="MeasurementFcn2">myMeasurementFcn</P>
      <P Name="HasMeasurementJacobianFcn2">off</P>
      <P Name="HasMeasurementEnablePort2">off</P>
      <P Name="HasAdditiveMeasurementNoise2">Additive</P>
      <P Name="MeasurementNoise2">1</P>
      <P Name="HasTimeVaryingMeasurementNoise2">off</P>
      <P Name="HasMeasurementFcnExtraArgument2">0</P>
      <P Name="HasMeasurementWrapping2">off</P>
      <P Name="MeasurementFcn3">myMeasurementFcn</P>
      <P Name="HasMeasurementJacobianFcn3">off</P>
      <P Name="HasMeasurementEnablePort3">off</P>
      <P Name="HasAdditiveMeasurementNoise3">Additive</P>
      <P Name="MeasurementNoise3">1</P>
      <P Name="HasTimeVaryingMeasurementNoise3">off</P>
      <P Name="HasMeasurementFcnExtraArgument3">0</P>
      <P Name="HasMeasurementWrapping3">off</P>
      <P Name="MeasurementFcn4">myMeasurementFcn</P>
      <P Name="HasMeasurementJacobianFcn4">off</P>
      <P Name="HasMeasurementEnablePort4">off</P>
      <P Name="HasAdditiveMeasurementNoise4">Additive</P>
      <P Name="MeasurementNoise4">1</P>
      <P Name="HasTimeVaryingMeasurementNoise4">off</P>
      <P Name="HasMeasurementFcnExtraArgument4">0</P>
      <P Name="HasMeasurementWrapping4">off</P>
      <P Name="MeasurementFcn5">myMeasurementFcn</P>
      <P Name="HasMeasurementJacobianFcn5">off</P>
      <P Name="HasMeasurementEnablePort5">off</P>
      <P Name="HasAdditiveMeasurementNoise5">Additive</P>
      <P Name="MeasurementNoise5">1</P>
      <P Name="HasTimeVaryingMeasurementNoise5">off</P>
      <P Name="HasMeasurementFcnExtraArgument5">0</P>
      <P Name="HasMeasurementWrapping5">off</P>
      <P Name="EnableMultirate">off</P>
      <P Name="StateTransitionFcnSampleTime">1</P>
      <P Name="MeasurementFcn1SampleTime">1</P>
      <P Name="MeasurementFcn2SampleTime">1</P>
      <P Name="MeasurementFcn3SampleTime">1</P>
      <P Name="MeasurementFcn4SampleTime">1</P>
      <P Name="MeasurementFcn5SampleTime">1</P>
      <P Name="UseCurrentEstimator">on</P>
      <P Name="OutputStateCovariance">off</P>
      <P Name="DataType">double</P>
      <P Name="SampleTime">Ts</P>
      <P Name="NumberOfMeasurements">1</P>
    </InstanceData>
  </Block>
  <Block BlockType="Concatenate" Name="Matrix&#xA;Concatenate" SID="3">
    <PortCounts in="4" out="1"/>
    <P Name="Position">[160, -41, 180, 176]</P>
    <P Name="ZOrder">551</P>
    <P Name="NumInputs">4</P>
    <P Name="Mode">Multidimensional array</P>
    <P Name="ConcatenateDimension">2</P>
  </Block>
  <Block BlockType="Mux" Name="Mux" SID="30">
    <PortCounts in="2" out="1"/>
    <P Name="Position">[1095, -147, 1100, -78]</P>
    <P Name="ZOrder">572</P>
    <P Name="Inputs">2</P>
    <P Name="DisplayOption">bar</P>
  </Block>
  <Block BlockType="Mux" Name="Mux1" SID="31">
    <PortCounts in="2" out="1"/>
    <P Name="Position">[1095, -25, 1100, 70]</P>
    <P Name="ZOrder">573</P>
    <P Name="Inputs">2</P>
    <P Name="DisplayOption">bar</P>
  </Block>
  <Block BlockType="Mux" Name="Mux2" SID="32">
    <PortCounts in="2" out="1"/>
    <P Name="Position">[1095, 118, 1100, 187]</P>
    <P Name="ZOrder">574</P>
    <P Name="Inputs">2</P>
    <P Name="DisplayOption">bar</P>
  </Block>
  <Block BlockType="Mux" Name="Mux3" SID="33">
    <PortCounts in="2" out="1"/>
    <P Name="Position">[1095, 238, 1100, 307]</P>
    <P Name="ZOrder">575</P>
    <P Name="Inputs">2</P>
    <P Name="DisplayOption">bar</P>
  </Block>
  <Block BlockType="Mux" Name="Mux4" SID="36">
    <PortCounts in="4" out="1"/>
    <P Name="Position">[960, 608, 965, 797]</P>
    <P Name="ZOrder">578</P>
    <P Name="BlockMirror">on</P>
    <P Name="DisplayOption">bar</P>
  </Block>
  <Block BlockType="Reference" Name="Nonlinear MPC Controller" SID="1">
    <PortCounts in="3" out="2"/>
    <P Name="Position">[370, -2, 495, 192]</P>
    <P Name="ZOrder">14</P>
    <P Name="LibraryVersion">7.2</P>
    <P Name="SourceBlock">mpclib/Nonlinear MPC Controller</P>
    <P Name="SourceType">NonlinearMPC</P>
    <InstanceData>
      <P Name="RTWMemSecFuncInitTerm">Inherit from model</P>
      <P Name="RTWMemSecFuncExecute">Inherit from model</P>
      <P Name="RTWMemSecDataConstants">Inherit from model</P>
      <P Name="RTWMemSecDataInternal">Inherit from model</P>
      <P Name="RTWMemSecDataParameters">Inherit from model</P>
      <P Name="ContentPreviewEnabled">on</P>
      <P Name="nlmpcobj">nlobj</P>
      <P Name="UseObjectTs">on</P>
      <P Name="UseMEX">off</P>
      <P Name="md_enabled">off</P>
      <P Name="mvtarget_enabled">off</P>
      <P Name="param_enabled">off</P>
      <P Name="cost_enabled">off</P>
      <P Name="mvseq_enabled">off</P>
      <P Name="stateseq_enabled">off</P>
      <P Name="ovseq_enabled">off</P>
      <P Name="slack_enabled">off</P>
      <P Name="status_enabled">on</P>
      <P Name="ov_min">off</P>
      <P Name="ov_max">off</P>
      <P Name="mv_min">off</P>
      <P Name="mv_max">off</P>
      <P Name="mvrate_min">off</P>
      <P Name="mvrate_max">off</P>
      <P Name="state_min">off</P>
      <P Name="state_max">off</P>
      <P Name="ov_weight">off</P>
      <P Name="mv_weight">off</P>
      <P Name="mvrate_weight">off</P>
      <P Name="ecr_weight">off</P>
      <P Name="nlp_initialize">off</P>
    </InstanceData>
    <PortProperties>
      <Port Type="out" Index="1">
        <P Name="PropagatedSignals">mv</P>
      </Port>
      <Port Type="out" Index="2">
        <P Name="PropagatedSignals">nlpstatus</P>
      </Port>
    </PortProperties>
  </Block>
  <Block BlockType="Scope" Name="Scope" SID="8">
    <PortCounts in="1"/>
    <P Name="Position">[535, 129, 565, 161]</P>
    <P Name="ZOrder">556</P>
    <P Name="ScopeSpecificationString">Simulink.scopes.TimeScopeBlockCfg(&apos;CurrentConfiguration&apos;, extmgr.ConfigurationSet(extmgr.Configuration(&apos;Core&apos;,&apos;General UI&apos;,true),extmgr.Configuration(&apos;Core&apos;,&apos;Source UI&apos;,true),extmgr.Configuration(&apos;Sources&apos;,&apos;WiredSimulink&apos;,true),extmgr.Configuration(&apos;Visuals&apos;,&apos;Time Domain&apos;,true),extmgr.Configuration(&apos;Tools&apos;,&apos;Plot Navigation&apos;,true),extmgr.Configuration(&apos;Tools&apos;,&apos;Measurements&apos;,true)),&apos;Version&apos;,&apos;2023b&apos;)</P>
    <P Name="NumInputPorts">1</P>
    <P Name="Floating">off</P>
  </Block>
  <Block BlockType="Scope" Name="Scope1" SID="29">
    <PortCounts in="6"/>
    <P Name="Position">[1415, -316, 1525, 106]</P>
    <P Name="ZOrder">571</P>
    <P Name="ScopeSpecificationString">Simulink.scopes.TimeScopeBlockCfg(&apos;CurrentConfiguration&apos;, extmgr.ConfigurationSet(extmgr.Configuration(&apos;Core&apos;,&apos;General UI&apos;,true),extmgr.Configuration(&apos;Core&apos;,&apos;Source UI&apos;,true),extmgr.Configuration(&apos;Sources&apos;,&apos;WiredSimulink&apos;,true,&apos;DataLoggingVariableName&apos;,&apos;ScopeData1&apos;),extmgr.Configuration(&apos;Visuals&apos;,&apos;Time Domain&apos;,true,&apos;SerializedDisplays&apos;,{struct(&apos;MinYLimReal&apos;,&apos;2.25&apos;,&apos;MaxYLimReal&apos;,&apos;4.75&apos;,&apos;YLabelReal&apos;,&apos;&apos;,&apos;MinYLimMag&apos;,&apos;2.25&apos;,&apos;MaxYLimMag&apos;,&apos;4.75&apos;,&apos;LegendVisibility&apos;,&apos;On&apos;,&apos;XGrid&apos;,true,&apos;YGrid&apos;,true,&apos;PlotMagPhase&apos;,false,&apos;AxesColor&apos;,[0 0 0],&apos;AxesTickColor&apos;,[0.686274509803922 0.686274509803922 0.686274509803922],&apos;ColorOrder&apos;,[1 1 0.0666666666666667;0.0745098039215686 0.623529411764706 1;1 0.411764705882353 0.16078431372549;0.392156862745098 0.831372549019608 0.0745098039215686;0.717647058823529 0.274509803921569 1;0.0588235294117647 1 1;1 0.0745098039215686 0.650980392156863],&apos;Title&apos;,&apos;%&lt;SignalLabel&gt;&apos;,&apos;LinePropertiesCache&apos;,{{}},&apos;UserDefinedChannelNames&apos;,{{}},&apos;NumLines&apos;,1,&apos;LineNames&apos;,{{&apos;v1&apos;}},&apos;ShowContent&apos;,true,&apos;Placement&apos;,1),struct(&apos;MinYLimReal&apos;,&apos;-2.04922&apos;,&apos;MaxYLimReal&apos;,&apos;18.44294&apos;,&apos;YLabelReal&apos;,&apos;&apos;,&apos;MinYLimMag&apos;,&apos;0.00000&apos;,&apos;MaxYLimMag&apos;,&apos;19.6597&apos;,&apos;LegendVisibility&apos;,&apos;On&apos;,&apos;XGrid&apos;,true,&apos;YGrid&apos;,true,&apos;PlotMagPhase&apos;,false,&apos;AxesColor&apos;,[0 0 0],&apos;AxesTickColor&apos;,[0.686274509803922 0.686274509803922 0.686274509803922],&apos;ColorOrder&apos;,[1 1 0.0666666666666667;0.0745098039215686 0.623529411764706 1;1 0.411764705882353 0.16078431372549;0.392156862745098 0.831372549019608 0.0745098039215686;0.717647058823529 0.274509803921569 1;0.0588235294117647 1 1;1 0.0745098039215686 0.650980392156863],&apos;Title&apos;,&apos;%&lt;SignalLabel&gt;&apos;,&apos;LinePropertiesCache&apos;,{{}},&apos;UserDefinedChannelNames&apos;,{{}},&apos;NumLines&apos;,2,&apos;LineNames&apos;,{{&apos;h1_sp&apos;,&apos;h1_pred&apos;}},&apos;ShowContent&apos;,true,&apos;Placement&apos;,2),struct(&apos;MinYLimReal&apos;,&apos;-2.06359&apos;,&apos;MaxYLimReal&apos;,&apos;18.57227&apos;,&apos;YLabelReal&apos;,&apos;&apos;,&apos;MinYLimMag&apos;,&apos;0.00000&apos;,&apos;MaxYLimMag&apos;,&apos;19.6597&apos;,&apos;LegendVisibility&apos;,&apos;On&apos;,&apos;XGrid&apos;,true,&apos;YGrid&apos;,true,&apos;PlotMagPhase&apos;,false,&apos;AxesColor&apos;,[0 0 0],&apos;AxesTickColor&apos;,[0.686274509803922 0.686274509803922 0.686274509803922],&apos;ColorOrder&apos;,[1 1 0.0666666666666667;0.0745098039215686 0.623529411764706 1;1 0.411764705882353 0.16078431372549;0.392156862745098 0.831372549019608 0.0745098039215686;0.717647058823529 0.274509803921569 1;0.0588235294117647 1 1;1 0.0745098039215686 0.650980392156863],&apos;Title&apos;,&apos;%&lt;SignalLabel&gt;&apos;,&apos;LinePropertiesCache&apos;,{{}},&apos;UserDefinedChannelNames&apos;,{{}},&apos;NumLines&apos;,2,&apos;LineNames&apos;,{{&apos;h3_sp&apos;,&apos;h3_pred&apos;}},&apos;ShowContent&apos;,true,&apos;Placement&apos;,3),struct(&apos;MinYLimReal&apos;,&apos;1.19389&apos;,&apos;MaxYLimReal&apos;,&apos;18.69539&apos;,&apos;YLabelReal&apos;,&apos;&apos;,&apos;MinYLimMag&apos;,&apos;0.00000&apos;,&apos;MaxYLimMag&apos;,&apos;19.6597&apos;,&apos;LegendVisibility&apos;,&apos;On&apos;,&apos;XGrid&apos;,true,&apos;YGrid&apos;,true,&apos;PlotMagPhase&apos;,false,&apos;AxesColor&apos;,[0 0 0],&apos;AxesTickColor&apos;,[0.686274509803922 0.686274509803922 0.686274509803922],&apos;ColorOrder&apos;,[1 1 0.0666666666666667;0.0745098039215686 0.623529411764706 1;1 0.411764705882353 0.16078431372549;0.392156862745098 0.831372549019608 0.0745098039215686;0.717647058823529 0.274509803921569 1;0.0588235294117647 1 1;1 0.0745098039215686 0.650980392156863],&apos;Title&apos;,&apos;%&lt;SignalLabel&gt;&apos;,&apos;LinePropertiesCache&apos;,{{}},&apos;UserDefinedChannelNames&apos;,{{}},&apos;NumLines&apos;,1,&apos;LineNames&apos;,{{&apos;v2&apos;}},&apos;ShowContent&apos;,true,&apos;Placement&apos;,4),struct(&apos;MinYLimReal&apos;,&apos;-1.64625&apos;,&apos;MaxYLimReal&apos;,&apos;14.81625&apos;,&apos;YLabelReal&apos;,&apos;&apos;,&apos;MinYLimMag&apos;,&apos;0.00000&apos;,&apos;MaxYLimMag&apos;,&apos;19.6597&apos;,&apos;LegendVisibility&apos;,&apos;On&apos;,&apos;XGrid&apos;,true,&apos;YGrid&apos;,true,&apos;PlotMagPhase&apos;,false,&apos;AxesColor&apos;,[0 0 0],&apos;AxesTickColor&apos;,[0.686274509803922 0.686274509803922 0.686274509803922],&apos;ColorOrder&apos;,[1 1 0.0666666666666667;0.0745098039215686 0.623529411764706 1;1 0.411764705882353 0.16078431372549;0.392156862745098 0.831372549019608 0.0745098039215686;0.717647058823529 0.274509803921569 1;0.0588235294117647 1 1;1 0.0745098039215686 0.650980392156863],&apos;Title&apos;,&apos;%&lt;SignalLabel&gt;&apos;,&apos;LinePropertiesCache&apos;,{{}},&apos;UserDefinedChannelNames&apos;,{{}},&apos;NumLines&apos;,2,&apos;LineNames&apos;,{{&apos;h2_sp&apos;,&apos;h2_pred&apos;}},&apos;ShowContent&apos;,true,&apos;Placement&apos;,5),struct(&apos;MinYLimReal&apos;,&apos;-0.62325&apos;,&apos;MaxYLimReal&apos;,&apos;5.60925&apos;,&apos;YLabelReal&apos;,&apos;&apos;,&apos;MinYLimMag&apos;,&apos;0.00000&apos;,&apos;MaxYLimMag&apos;,&apos;19.6597&apos;,&apos;LegendVisibility&apos;,&apos;On&apos;,&apos;XGrid&apos;,true,&apos;YGrid&apos;,true,&apos;PlotMagPhase&apos;,false,&apos;AxesColor&apos;,[0 0 0],&apos;AxesTickColor&apos;,[0.686274509803922 0.686274509803922 0.686274509803922],&apos;ColorOrder&apos;,[1 1 0.0666666666666667;0.0745098039215686 0.623529411764706 1;1 0.411764705882353 0.16078431372549;0.392156862745098 0.831372549019608 0.0745098039215686;0.717647058823529 0.274509803921569 1;0.0588235294117647 1 1;1 0.0745098039215686 0.650980392156863],&apos;Title&apos;,&apos;%&lt;SignalLabel&gt;&apos;,&apos;LinePropertiesCache&apos;,{{}},&apos;UserDefinedChannelNames&apos;,{{}},&apos;NumLines&apos;,2,&apos;LineNames&apos;,{{&apos;h4&apos;,&apos;h4_pred&apos;}},&apos;ShowContent&apos;,true,&apos;Placement&apos;,6)},&apos;DisplayPropertyDefaults&apos;,struct(&apos;YLabelReal&apos;,&apos;&apos;,&apos;XGrid&apos;,true,&apos;YGrid&apos;,true,&apos;PlotMagPhase&apos;,false,&apos;AxesColor&apos;,[0 0 0],&apos;AxesTickColor&apos;,[0.686274509803922 0.686274509803922 0.686274509803922],&apos;ColorOrder&apos;,[0.0745098039215686 0.623529411764706 1;1 0.411764705882353 0.16078431372549;1 1 0.0666666666666667;0.717647058823529 0.274509803921569 1;0.392156862745098 0.831372549019608 0.0745098039215686;0.0588235294117647 1 1;1 0.0745098039215686 0.650980392156863]),&apos;DisplayLayoutDimensions&apos;,[3 2]),extmgr.Configuration(&apos;Tools&apos;,&apos;Plot Navigation&apos;,true),extmgr.Configuration(&apos;Tools&apos;,&apos;Measurements&apos;,true,&apos;Version&apos;,&apos;2023b&apos;)),&apos;Version&apos;,&apos;2023b&apos;,&apos;Position&apos;,[1 49 1536 740.8],&apos;VisibleAtModelOpen&apos;,&apos;on&apos;)</P>
    <P Name="NumInputPorts">6</P>
    <P Name="Floating">off</P>
  </Block>
  <Block BlockType="SubSystem" Name="Subsystem" SID="19">
    <PortCounts in="2" out="4"/>
    <P Name="Position">[835, -68, 950, 353]</P>
    <P Name="ZOrder">567</P>
    <P Name="ContentPreviewEnabled">on</P>
    <PortProperties>
      <Port Type="out" Index="1">
        <P Name="Name">h1_pred</P>
      </Port>
      <Port Type="out" Index="2">
        <P Name="Name">h2_pred</P>
      </Port>
      <Port Type="out" Index="3">
        <P Name="Name">h3_pred</P>
      </Port>
      <Port Type="out" Index="4">
        <P Name="Name">h4_pred</P>
      </Port>
    </PortProperties>
    <System Ref="system_19"/>
  </Block>
  <Block BlockType="UnitDelay" Name="Unit Delay" SID="28">
    <P Name="Position">[560, 238, 595, 272]</P>
    <P Name="ZOrder">570</P>
    <P Name="BlockMirror">on</P>
    <P Name="InitialCondition">u0</P>
    <P Name="SampleTime">-1</P>
    <P Name="HasFrameUpgradeWarning">on</P>
  </Block>
  <Block BlockType="ZeroOrderHold" Name="Zero-Order&#xA;Hold" SID="35">
    <P Name="Position">[570, 605, 605, 635]</P>
    <P Name="ZOrder">577</P>
    <P Name="BlockMirror">on</P>
    <P Name="SampleTime">Ts</P>
  </Block>
  <Block BlockType="ZeroOrderHold" Name="Zero-Order&#xA;Hold1" SID="37">
    <P Name="Position">[720, 685, 755, 715]</P>
    <P Name="ZOrder">579</P>
    <P Name="BlockMirror">on</P>
    <P Name="SampleTime">Ts</P>
  </Block>
  <Block BlockType="Constant" Name="h1" SID="4">
    <P Name="Position">[-55, -55, -25, -25]</P>
    <P Name="ZOrder">552</P>
    <P Name="Value">12.44</P>
    <PortProperties>
      <Port Type="out" Index="1">
        <P Name="Name">h1_sp</P>
      </Port>
    </PortProperties>
  </Block>
  <Block BlockType="Constant" Name="h2" SID="5">
    <P Name="Position">[-60, 25, -30, 55]</P>
    <P Name="ZOrder">553</P>
    <P Name="Value">13.17</P>
    <PortProperties>
      <Port Type="out" Index="1">
        <P Name="Name">h2_sp</P>
      </Port>
    </PortProperties>
  </Block>
  <Block BlockType="Constant" Name="h3" SID="6">
    <P Name="Position">[-60, 105, -30, 135]</P>
    <P Name="ZOrder">554</P>
    <P Name="Value">4.73</P>
    <PortProperties>
      <Port Type="out" Index="1">
        <P Name="Name">h3_sp</P>
      </Port>
    </PortProperties>
  </Block>
  <Block BlockType="Constant" Name="h4" SID="7">
    <P Name="Position">[-60, 185, -30, 215]</P>
    <P Name="ZOrder">555</P>
    <P Name="Value">4.986</P>
  </Block>
  <Line>
    <P Name="Name">h1_sp</P>
    <P Name="ZOrder">1</P>
    <P Name="Src">4#out:1</P>
    <P Name="Points">[132, 0]</P>
    <Branch>
      <P Name="ZOrder">53</P>
      <P Name="Labels">[2, 1]</P>
      <P Name="Points">[0, -132; 946, 0; 0, 42]</P>
      <P Name="Dst">30#in:1</P>
    </Branch>
    <Branch>
      <P Name="ZOrder">48</P>
      <P Name="Points">[0, 25]</P>
      <P Name="Dst">3#in:1</P>
    </Branch>
  </Line>
  <Line>
    <P Name="Name">h2_sp</P>
    <P Name="ZOrder">2</P>
    <P Name="Src">5#out:1</P>
    <P Name="Points">[93, 0]</P>
    <Branch>
      <P Name="ZOrder">56</P>
      <P Name="Dst">3#in:2</P>
    </Branch>
    <Branch>
      <P Name="ZOrder">55</P>
      <P Name="Labels">[2, 1]</P>
      <P Name="Points">[0, -150; 989, 0; 0, 110]</P>
      <P Name="Dst">31#in:1</P>
    </Branch>
  </Line>
  <Line>
    <P Name="Name">h3_sp</P>
    <P Name="ZOrder">3</P>
    <P Name="Src">6#out:1</P>
    <P Name="Points">[55, 0; 0, -25; 56, 0]</P>
    <Branch>
      <P Name="ZOrder">58</P>
      <P Name="Labels">[2, 1]</P>
      <P Name="Points">[0, -178; 991, 0; 0, 218]</P>
      <P Name="Dst">32#in:1</P>
    </Branch>
    <Branch>
      <P Name="ZOrder">57</P>
      <P Name="Dst">3#in:3</P>
    </Branch>
  </Line>
  <Line>
    <P Name="ZOrder">4</P>
    <P Name="Src">7#out:1</P>
    <P Name="Points">[68, 0; 0, -50; 24, 0]</P>
    <Branch>
      <P Name="ZOrder">60</P>
      <P Name="Points">[0, 227; 999, 0]</P>
      <Branch>
        <P Name="ZOrder">77</P>
        <P Name="Points">[0, 393]</P>
        <P Name="Dst">36#in:4</P>
      </Branch>
      <Branch>
        <P Name="ZOrder">76</P>
        <P Name="Points">[2, 0; 0, -122]</P>
        <P Name="Dst">33#in:1</P>
      </Branch>
    </Branch>
    <Branch>
      <P Name="ZOrder">59</P>
      <P Name="Dst">3#in:4</P>
    </Branch>
  </Line>
  <Line>
    <P Name="ZOrder">5</P>
    <P Name="Src">3#out:1</P>
    <P Name="Points">[53, 0; 0, 25]</P>
    <P Name="Dst">1#in:2</P>
  </Line>
  <Line>
    <P Name="ZOrder">6</P>
    <P Name="Src">1#out:2</P>
    <P Name="Dst">8#in:1</P>
  </Line>
  <Line>
    <P Name="ZOrder">7</P>
    <P Name="Src">2#out:1</P>
    <P Name="Points">[-15, 0; 0, -532; 28, 0; 0, -98]</P>
    <P Name="Dst">1#in:1</P>
  </Line>
  <Line>
    <P Name="ZOrder">32</P>
    <P Name="Src">1#out:1</P>
    <P Name="Points">[74, 0]</P>
    <Branch>
      <P Name="ZOrder">36</P>
      <P Name="Points">[0, -320]</P>
      <P Name="Dst">27#in:1</P>
    </Branch>
    <Branch>
      <P Name="ZOrder">35</P>
      <P Name="Points">[41, 0]</P>
      <Branch>
        <P Name="ZOrder">39</P>
        <P Name="Points">[0, 205]</P>
        <Branch>
          <P Name="ZOrder">68</P>
          <P Name="Points">[0, 365]</P>
          <P Name="Dst">35#in:1</P>
        </Branch>
        <Branch>
          <P Name="ZOrder">67</P>
          <P Name="Dst">28#in:1</P>
        </Branch>
      </Branch>
      <Branch>
        <P Name="ZOrder">38</P>
        <P Name="Dst">26#in:1</P>
      </Branch>
    </Branch>
  </Line>
  <Line>
    <P Name="ZOrder">33</P>
    <P Name="Src">26#out:1</P>
    <P Name="Dst">19#in:1</P>
  </Line>
  <Line>
    <P Name="ZOrder">34</P>
    <P Name="Src">26#out:2</P>
    <P Name="Points">[42, 0; 0, 190]</P>
    <P Name="Dst">19#in:2</P>
  </Line>
  <Line>
    <P Name="ZOrder">37</P>
    <P Name="Src">28#out:1</P>
    <P Name="Points">[-200, 0]</P>
    <P Name="Dst">1#in:3</P>
  </Line>
  <Line>
    <P Name="Name">h1_pred</P>
    <P Name="ZOrder">42</P>
    <P Name="Src">19#out:1</P>
    <P Name="Points">[37, 0]</P>
    <Branch>
      <P Name="ZOrder">71</P>
      <P Name="Points">[0, 650]</P>
      <P Name="Dst">36#in:1</P>
    </Branch>
    <Branch>
      <P Name="ZOrder">70</P>
      <P Name="Labels">[2, 1]</P>
      <P Name="Points">[10, 0; 0, -80]</P>
      <P Name="Dst">30#in:2</P>
    </Branch>
  </Line>
  <Line>
    <P Name="Name">h2_pred</P>
    <P Name="ZOrder">45</P>
    <P Name="Labels">[1, 1]</P>
    <P Name="Src">19#out:2</P>
    <P Name="Points">[53, 0; 0, -45]</P>
    <Branch>
      <P Name="ZOrder">80</P>
      <P Name="Dst">31#in:2</P>
    </Branch>
    <Branch>
      <P Name="ZOrder">73</P>
      <P Name="Points">[-5, 0; 0, 635]</P>
      <P Name="Dst">36#in:2</P>
    </Branch>
  </Line>
  <Line>
    <P Name="Name">h3_pred</P>
    <P Name="ZOrder">46</P>
    <P Name="Labels">[1, 1]</P>
    <P Name="Src">19#out:3</P>
    <P Name="Points">[59, 0; 0, -25; 30, 0]</P>
    <Branch>
      <P Name="ZOrder">75</P>
      <P Name="Points">[0, 555]</P>
      <P Name="Dst">36#in:3</P>
    </Branch>
    <Branch>
      <P Name="ZOrder">74</P>
      <P Name="Dst">32#in:2</P>
    </Branch>
  </Line>
  <Line>
    <P Name="Name">h4_pred</P>
    <P Name="ZOrder">47</P>
    <P Name="Labels">[1, 1]</P>
    <P Name="Src">19#out:4</P>
    <P Name="Points">[64, 0; 0, -10]</P>
    <P Name="Dst">33#in:2</P>
  </Line>
  <Line>
    <P Name="Name">v1</P>
    <P Name="ZOrder">91</P>
    <P Name="Labels">[1, 1]</P>
    <P Name="Src">27#out:1</P>
    <P Name="Dst">29#in:1</P>
  </Line>
  <Line>
    <P Name="Name">v2</P>
    <P Name="ZOrder">93</P>
    <P Name="Labels">[-1, 1]</P>
    <P Name="Src">27#out:2</P>
    <P Name="Points">[468, 0; 0, 190]</P>
    <P Name="Dst">29#in:4</P>
  </Line>
  <Line>
    <P Name="ZOrder">94</P>
    <P Name="Src">30#out:1</P>
    <P Name="Points">[169, 0; 0, -100]</P>
    <P Name="Dst">29#in:2</P>
  </Line>
  <Line>
    <P Name="ZOrder">96</P>
    <P Name="Src">31#out:1</P>
    <P Name="Points">[153, 0; 0, -25]</P>
    <P Name="Dst">29#in:5</P>
  </Line>
  <Line>
    <P Name="ZOrder">97</P>
    <P Name="Src">32#out:1</P>
    <P Name="Points">[91, 0; 0, -74; 159, 0; 0, -221]</P>
    <P Name="Dst">29#in:3</P>
  </Line>
  <Line>
    <P Name="ZOrder">66</P>
    <P Name="Src">33#out:1</P>
    <P Name="Points">[295, 0]</P>
    <P Name="Dst">29#in:6</P>
  </Line>
  <Line>
    <P Name="ZOrder">78</P>
    <P Name="Src">36#out:1</P>
    <P Name="Points">[-90, 0; 0, -5]</P>
    <P Name="Dst">37#in:1</P>
  </Line>
  <Line>
    <P Name="ZOrder">79</P>
    <P Name="Src">37#out:1</P>
    <P Name="Dst">2#in:2</P>
  </Line>
  <Line>
    <P Name="ZOrder">81</P>
    <P Name="Src">35#out:1</P>
    <P Name="Dst">2#in:1</P>
  </Line>
</System>
