<?xml version="1.0" encoding="UTF-8"?>
<sltp_editor version="1.1" packageUris="http://schema.mathworks.com/mf0/DiagramEditor/R2019a_20181107 http://schema.mathworks.com/mf0/SltpSyntax/R2023b_202303220000">
  <sltp.mm.syntax.Context type="sltp.mm.syntax.Context" uuid="20dc8e00-e5db-4ba2-930d-fb200eb49fdc">
    <rootGraph type="sltp.mm.syntax.Graph" uuid="84c33d9c-247d-48a2-b7cd-264b26e58866">
      <children type="sltp.mm.syntax.Node" uuid="d9d345be-71f6-4133-932d-0a64079faf65">
        <priority>40</priority>
        <rates type="sltp.mm.syntax.RateData">
          <color>#000000</color>
          <hasBlocks>true</hasBlocks>
          <rate>0</rate>
          <title>Cont</title>
        </rates>
        <rates type="sltp.mm.syntax.RateData">
          <color>#ff453a</color>
          <hasBlocks>true</hasBlocks>
          <rate>3</rate>
          <title>D1</title>
        </rates>
        <title>Cont</title>
        <type>base</type>
        <diagramElement type="diagram.editor.model.Entity" uuid="3239fcd3-1ede-466d-988e-de8bebcf8f65"/>
        <subgraph type="sltp.mm.syntax.Graph" uuid="cd29f74f-2f08-4d3a-ac6d-873e84871802">
          <title>Cont</title>
          <diagramElement type="diagram.editor.model.Diagram" uuid="8cbb7b3b-f1af-4334-b7f0-9a7caa8d0cec"/>
        </subgraph>
      </children>
      <title>Default</title>
      <diagramElement type="diagram.editor.model.Diagram" uuid="7cbaad6a-f060-49fb-a3cb-a251878007c0"/>
    </rootGraph>
  </sltp.mm.syntax.Context>
  <diagram.editor.model.Diagram type="diagram.editor.model.Diagram" uuid="7cbaad6a-f060-49fb-a3cb-a251878007c0">
    <entities type="diagram.editor.model.Entity" uuid="3239fcd3-1ede-466d-988e-de8bebcf8f65">
      <position>0,0</position>
      <size>0,0,0,0</size>
      <syntaxElement type="sltp.mm.syntax.Node" uuid="d9d345be-71f6-4133-932d-0a64079faf65"/>
      <title>Cont</title>
      <type>base</type>
      <subDiagram type="diagram.editor.model.Diagram" uuid="8cbb7b3b-f1af-4334-b7f0-9a7caa8d0cec">
        <position>0,0</position>
        <syntaxElement type="sltp.mm.syntax.Graph" uuid="cd29f74f-2f08-4d3a-ac6d-873e84871802"/>
        <title>Cont</title>
        <type>graph.Graph</type>
      </subDiagram>
    </entities>
    <syntaxElement type="sltp.mm.syntax.Graph" uuid="84c33d9c-247d-48a2-b7cd-264b26e58866"/>
    <title>Default</title>
    <type>graph.Graph</type>
  </diagram.editor.model.Diagram>
</sltp_editor>