<?xml version="1.0" encoding="utf-8"?>
<System>
  <P Name="Location">[-1, -7, 1537, 817]</P>
  <P Name="ZoomFactor">125</P>
  <Block BlockType="Inport" Name="Tc" SID="8">
    <P Name="Position">[20, 163, 50, 177]</P>
    <P Name="ZOrder">5</P>
    <PortProperties>
      <Port Type="out" Index="1">
        <P Name="PropagatedSignals">Tc</P>
      </Port>
    </PortProperties>
  </Block>
  <Block BlockType="Display" Name="Display" SID="11">
    <PortCounts in="1"/>
    <P Name="Position">[505, 70, 595, 100]</P>
    <P Name="ZOrder">8</P>
    <P Name="Decimation">1</P>
  </Block>
  <Block BlockType="Integrator" Name="Integrator" SID="3">
    <PortCounts in="1" out="1"/>
    <P Name="Position">[345, 70, 375, 100]</P>
    <P Name="ZOrder">3</P>
  </Block>
  <Block BlockType="Integrator" Name="Integrator1" SID="4">
    <PortCounts in="1" out="1"/>
    <P Name="Position">[355, 140, 385, 170]</P>
    <P Name="ZOrder">4</P>
    <P Name="InitialCondition">300</P>
  </Block>
  <Block BlockType="SubSystem" Name="MATLAB Function" SID="1">
    <PortCounts in="3" out="2"/>
    <P Name="Position">[145, 48, 230, 192]</P>
    <P Name="ZOrder">1</P>
    <P Name="ErrorFcn">Stateflow.Translate.translate</P>
    <P Name="PermitHierarchicalResolution">ExplicitOnly</P>
    <P Name="TreatAsAtomicUnit">on</P>
    <P Name="SFBlockType">MATLAB Function</P>
    <P Name="ContentPreviewEnabled">on</P>
    <PortProperties>
      <Port Type="out" Index="1">
        <P Name="PropagatedSignals">dCadt</P>
      </Port>
      <Port Type="out" Index="2">
        <P Name="PropagatedSignals">dTdt</P>
      </Port>
    </PortProperties>
    <System Ref="system_1"/>
  </Block>
  <Block BlockType="Outport" Name="T" SID="10">
    <P Name="Position">[495, 148, 525, 162]</P>
    <P Name="ZOrder">7</P>
  </Block>
  <Line>
    <P Name="ZOrder">5</P>
    <P Name="Src">4#out:1</P>
    <P Name="Points">[20, 0]</P>
    <Branch>
      <P Name="ZOrder">12</P>
      <P Name="Dst">10#in:1</P>
    </Branch>
    <Branch>
      <P Name="ZOrder">9</P>
      <P Name="Points">[0, 61; -289, 0; 0, -96]</P>
      <P Name="Dst">1#in:2</P>
    </Branch>
  </Line>
  <Line>
    <P Name="ZOrder">3</P>
    <P Name="Src">1#out:2</P>
    <P Name="Dst">4#in:1</P>
  </Line>
  <Line>
    <P Name="ZOrder">4</P>
    <P Name="Src">3#out:1</P>
    <P Name="Points">[20, 0]</P>
    <Branch>
      <P Name="ZOrder">13</P>
      <P Name="Dst">11#in:1</P>
    </Branch>
    <Branch>
      <P Name="ZOrder">7</P>
      <P Name="Points">[0, -61; -279, 0; 0, 46]</P>
      <P Name="Dst">1#in:1</P>
    </Branch>
  </Line>
  <Line>
    <P Name="ZOrder">2</P>
    <P Name="Src">1#out:1</P>
    <P Name="Dst">3#in:1</P>
  </Line>
  <Line>
    <P Name="ZOrder">10</P>
    <P Name="Src">8#out:1</P>
    <P Name="Dst">1#in:3</P>
  </Line>
</System>
