<?xml version="1.0" encoding="utf-8"?>
<System>
  <P Name="Location">[223, 338, 826, 833]</P>
  <P Name="SIDHighWatermark">30</P>
  <Block BlockType="Inport" Name="Ca" SID="1::1">
    <P Name="Position">[20, 101, 40, 119]</P>
    <P Name="ZOrder">-1</P>
  </Block>
  <Block BlockType="Inport" Name="T" SID="1::28">
    <P Name="Position">[20, 136, 40, 154]</P>
    <P Name="ZOrder">19</P>
    <P Name="Port">2</P>
  </Block>
  <Block BlockType="Inport" Name="Tc" SID="1::29">
    <P Name="Position">[20, 171, 40, 189]</P>
    <P Name="ZOrder">20</P>
    <P Name="Port">3</P>
    <PortProperties>
      <Port Type="out" Index="1">
        <P Name="PropagatedSignals">Tc</P>
      </Port>
    </PortProperties>
  </Block>
  <Block BlockType="Demux" Name=" Demux " SID="1::26">
    <PortCounts in="1" out="1"/>
    <P Name="Position">[270, 230, 320, 270]</P>
    <P Name="ZOrder">17</P>
    <P Name="Outputs">1</P>
  </Block>
  <Block BlockType="S-Function" Name=" SFunction " SID="1::25">
    <P Name="Tag">Stateflow S-Function 2</P>
    <PortCounts in="3" out="3"/>
    <P Name="Position">[180, 100, 230, 180]</P>
    <P Name="ZOrder">16</P>
    <P Name="FunctionName">sf_sfun</P>
    <P Name="PortCounts">[3 3]</P>
    <P Name="SFunctionDeploymentMode">off</P>
    <P Name="EnableBusSupport">on</P>
    <P Name="SFcnIsStateOwnerBlock">off</P>
    <PortProperties>
      <Port Type="out" Index="2">
        <P Name="Name">dCadt</P>
      </Port>
      <Port Type="out" Index="3">
        <P Name="Name">dTdt</P>
      </Port>
    </PortProperties>
  </Block>
  <Block BlockType="Terminator" Name=" Terminator " SID="1::27">
    <P Name="Position">[460, 241, 480, 259]</P>
    <P Name="ZOrder">18</P>
  </Block>
  <Block BlockType="Outport" Name="dCadt" SID="1::5">
    <P Name="Position">[460, 101, 480, 119]</P>
    <P Name="ZOrder">-5</P>
  </Block>
  <Block BlockType="Outport" Name="dTdt" SID="1::30">
    <P Name="Position">[460, 136, 480, 154]</P>
    <P Name="ZOrder">21</P>
    <P Name="Port">2</P>
  </Block>
  <Line>
    <P Name="ZOrder">20</P>
    <P Name="Src">1::1#out:1</P>
    <P Name="Dst">1::25#in:1</P>
  </Line>
  <Line>
    <P Name="ZOrder">21</P>
    <P Name="Src">1::28#out:1</P>
    <P Name="Dst">1::25#in:2</P>
  </Line>
  <Line>
    <P Name="ZOrder">22</P>
    <P Name="Src">1::29#out:1</P>
    <P Name="Dst">1::25#in:3</P>
  </Line>
  <Line>
    <P Name="Name">dCadt</P>
    <P Name="ZOrder">23</P>
    <P Name="Labels">[0, 0]</P>
    <P Name="Src">1::25#out:2</P>
    <P Name="Dst">1::5#in:1</P>
  </Line>
  <Line>
    <P Name="Name">dTdt</P>
    <P Name="ZOrder">24</P>
    <P Name="Labels">[0, 0]</P>
    <P Name="Src">1::25#out:3</P>
    <P Name="Points">[110, 0; 0, -20]</P>
    <P Name="Dst">1::30#in:1</P>
  </Line>
  <Line>
    <P Name="ZOrder">25</P>
    <P Name="Src">1::26#out:1</P>
    <P Name="Dst">1::27#in:1</P>
  </Line>
  <Line>
    <P Name="ZOrder">26</P>
    <P Name="Src">1::25#out:1</P>
    <P Name="Dst">1::26#in:1</P>
  </Line>
</System>
