<?xml version="1.0" encoding="utf-8"?>
<System>
  <P Name="Location">[-1, -7, 1537, 817]</P>
  <P Name="Open">on</P>
  <P Name="ReportName">simulink-default.rpt</P>
  <P Name="SIDHighWatermark">27</P>
  <Block BlockType="Reference" Name="Extended Kalman Filter" SID="13">
    <PortCounts in="2" out="1"/>
    <P Name="Position">[415, 383, 530, 492]</P>
    <P Name="ZOrder">550</P>
    <P Name="BlockMirror">on</P>
    <P Name="LibrarySourceBlock">cstblocks/State Estimation/Extended Kalman Filter</P>
    <P Name="LibraryVersion">7.0</P>
    <P Name="SourceBlock">sharedTrackingLibrary/Extended Kalman Filter</P>
    <P Name="SourceType">Extended Kalman Filter</P>
    <InstanceData>
      <P Name="RTWMemSecFuncInitTerm">Inherit from model</P>
      <P Name="RTWMemSecFuncExecute">Inherit from model</P>
      <P Name="RTWMemSecDataConstants">Inherit from model</P>
      <P Name="RTWMemSecDataInternal">Inherit from model</P>
      <P Name="RTWMemSecDataParameters">Inherit from model</P>
      <P Name="ContentPreviewEnabled">on</P>
      <P Name="StateTransitionFcn">cstrStateFcnDT</P>
      <P Name="HasStateTransitionJacobianFcn">off</P>
      <P Name="HasAdditiveProcessNoise">Additive</P>
      <P Name="ProcessNoise">[1e-1;1e-1;1e-1;1e-1]</P>
      <P Name="HasTimeVaryingProcessNoise">off</P>
      <P Name="HasStateTransitionFcnExtraArgument">1</P>
      <P Name="InitialState">y0</P>
      <P Name="InitialStateCovariance">[10;10;10;10]</P>
      <P Name="MeasurementFcn1">cstrMeasFcn</P>
      <P Name="HasMeasurementJacobianFcn1">off</P>
      <P Name="HasMeasurementEnablePort1">off</P>
      <P Name="HasAdditiveMeasurementNoise1">Additive</P>
      <P Name="MeasurementNoise1">1e-3</P>
      <P Name="HasTimeVaryingMeasurementNoise1">off</P>
      <P Name="HasMeasurementFcnExtraArgument1">0</P>
      <P Name="HasMeasurementWrapping1">off</P>
      <P Name="MeasurementFcn2">myMeasurementFcn</P>
      <P Name="HasMeasurementJacobianFcn2">off</P>
      <P Name="HasMeasurementEnablePort2">off</P>
      <P Name="HasAdditiveMeasurementNoise2">Additive</P>
      <P Name="MeasurementNoise2">1</P>
      <P Name="HasTimeVaryingMeasurementNoise2">off</P>
      <P Name="HasMeasurementFcnExtraArgument2">0</P>
      <P Name="HasMeasurementWrapping2">off</P>
      <P Name="MeasurementFcn3">myMeasurementFcn</P>
      <P Name="HasMeasurementJacobianFcn3">off</P>
      <P Name="HasMeasurementEnablePort3">off</P>
      <P Name="HasAdditiveMeasurementNoise3">Additive</P>
      <P Name="MeasurementNoise3">1</P>
      <P Name="HasTimeVaryingMeasurementNoise3">off</P>
      <P Name="HasMeasurementFcnExtraArgument3">0</P>
      <P Name="HasMeasurementWrapping3">off</P>
      <P Name="MeasurementFcn4">myMeasurementFcn</P>
      <P Name="HasMeasurementJacobianFcn4">off</P>
      <P Name="HasMeasurementEnablePort4">off</P>
      <P Name="HasAdditiveMeasurementNoise4">Additive</P>
      <P Name="MeasurementNoise4">1</P>
      <P Name="HasTimeVaryingMeasurementNoise4">off</P>
      <P Name="HasMeasurementFcnExtraArgument4">0</P>
      <P Name="HasMeasurementWrapping4">off</P>
      <P Name="MeasurementFcn5">myMeasurementFcn</P>
      <P Name="HasMeasurementJacobianFcn5">off</P>
      <P Name="HasMeasurementEnablePort5">off</P>
      <P Name="HasAdditiveMeasurementNoise5">Additive</P>
      <P Name="MeasurementNoise5">1</P>
      <P Name="HasTimeVaryingMeasurementNoise5">off</P>
      <P Name="HasMeasurementFcnExtraArgument5">0</P>
      <P Name="HasMeasurementWrapping5">off</P>
      <P Name="EnableMultirate">off</P>
      <P Name="StateTransitionFcnSampleTime">1</P>
      <P Name="MeasurementFcn1SampleTime">1</P>
      <P Name="MeasurementFcn2SampleTime">1</P>
      <P Name="MeasurementFcn3SampleTime">1</P>
      <P Name="MeasurementFcn4SampleTime">1</P>
      <P Name="MeasurementFcn5SampleTime">1</P>
      <P Name="UseCurrentEstimator">on</P>
      <P Name="OutputStateCovariance">off</P>
      <P Name="DataType">double</P>
      <P Name="SampleTime">Ts</P>
      <P Name="NumberOfMeasurements">1</P>
    </InstanceData>
  </Block>
  <Block BlockType="Mux" Name="Mux" SID="15">
    <PortCounts in="2" out="1"/>
    <P Name="Position">[940, 146, 945, 184]</P>
    <P Name="ZOrder">552</P>
    <P Name="Inputs">2</P>
    <P Name="DisplayOption">bar</P>
  </Block>
  <Block BlockType="Reference" Name="Nonlinear MPC Controller" SID="12">
    <PortCounts in="3" out="2"/>
    <P Name="Position">[445, 143, 565, 267]</P>
    <P Name="ZOrder">14</P>
    <P Name="LibraryVersion">7.2</P>
    <P Name="SourceBlock">mpclib/Nonlinear MPC Controller</P>
    <P Name="SourceType">NonlinearMPC</P>
    <InstanceData>
      <P Name="RTWMemSecFuncInitTerm">Inherit from model</P>
      <P Name="RTWMemSecFuncExecute">Inherit from model</P>
      <P Name="RTWMemSecDataConstants">Inherit from model</P>
      <P Name="RTWMemSecDataInternal">Inherit from model</P>
      <P Name="RTWMemSecDataParameters">Inherit from model</P>
      <P Name="ContentPreviewEnabled">on</P>
      <P Name="nlmpcobj">nlobj</P>
      <P Name="UseObjectTs">on</P>
      <P Name="UseMEX">off</P>
      <P Name="md_enabled">off</P>
      <P Name="mvtarget_enabled">off</P>
      <P Name="param_enabled">off</P>
      <P Name="cost_enabled">off</P>
      <P Name="mvseq_enabled">off</P>
      <P Name="stateseq_enabled">off</P>
      <P Name="ovseq_enabled">off</P>
      <P Name="slack_enabled">off</P>
      <P Name="status_enabled">on</P>
      <P Name="ov_min">off</P>
      <P Name="ov_max">off</P>
      <P Name="mv_min">off</P>
      <P Name="mv_max">off</P>
      <P Name="mvrate_min">off</P>
      <P Name="mvrate_max">off</P>
      <P Name="state_min">off</P>
      <P Name="state_max">off</P>
      <P Name="ov_weight">off</P>
      <P Name="mv_weight">off</P>
      <P Name="mvrate_weight">off</P>
      <P Name="ecr_weight">off</P>
      <P Name="nlp_initialize">off</P>
    </InstanceData>
    <PortProperties>
      <Port Type="out" Index="1">
        <P Name="Name">Tc</P>
        <P Name="PropagatedSignals">mv</P>
      </Port>
      <Port Type="out" Index="2">
        <P Name="PropagatedSignals">nlpstatus</P>
      </Port>
    </PortProperties>
  </Block>
  <Block BlockType="SubSystem" Name="Plant" SID="7">
    <PortCounts in="1" out="1"/>
    <P Name="Position">[765, 131, 835, 219]</P>
    <P Name="ZOrder">7</P>
    <P Name="ContentPreviewEnabled">on</P>
    <PortProperties>
      <Port Type="out" Index="1">
        <P Name="Name">T_pred</P>
      </Port>
    </PortProperties>
    <System Ref="system_7"/>
  </Block>
  <Block BlockType="Scope" Name="Scope" SID="16">
    <PortCounts in="1"/>
    <P Name="Position">[630, 219, 660, 251]</P>
    <P Name="ZOrder">553</P>
    <P Name="ScopeSpecificationString">Simulink.scopes.TimeScopeBlockCfg(&apos;CurrentConfiguration&apos;, extmgr.ConfigurationSet(extmgr.Configuration(&apos;Core&apos;,&apos;General UI&apos;,true),extmgr.Configuration(&apos;Core&apos;,&apos;Source UI&apos;,true),extmgr.Configuration(&apos;Sources&apos;,&apos;WiredSimulink&apos;,true),extmgr.Configuration(&apos;Visuals&apos;,&apos;Time Domain&apos;,true,&apos;SerializedDisplays&apos;,{struct(&apos;MinYLimReal&apos;,&apos;-2.5&apos;,&apos;MaxYLimReal&apos;,&apos;2.5&apos;,&apos;YLabelReal&apos;,&apos;&apos;,&apos;MinYLimMag&apos;,&apos;0.00000&apos;,&apos;MaxYLimMag&apos;,&apos;2.5&apos;,&apos;LegendVisibility&apos;,&apos;off&apos;,&apos;XGrid&apos;,true,&apos;YGrid&apos;,true,&apos;PlotMagPhase&apos;,false,&apos;AxesColor&apos;,[0 0 0],&apos;AxesTickColor&apos;,[0.686274509803922 0.686274509803922 0.686274509803922],&apos;ColorOrder&apos;,[1 1 0.0666666666666667;0.0745098039215686 0.623529411764706 1;1 0.411764705882353 0.16078431372549;0.392156862745098 0.831372549019608 0.0745098039215686;0.717647058823529 0.274509803921569 1;0.0588235294117647 1 1;1 0.0745098039215686 0.650980392156863],&apos;Title&apos;,&apos;%&lt;SignalLabel&gt;&apos;,&apos;LinePropertiesCache&apos;,{{}},&apos;UserDefinedChannelNames&apos;,{{}},&apos;NumLines&apos;,1,&apos;LineNames&apos;,{{&apos;Nonlinear MPC Controller/nlpstatus&apos;}},&apos;ShowContent&apos;,true,&apos;Placement&apos;,1)},&apos;DisplayPropertyDefaults&apos;,struct(&apos;MinYLimReal&apos;,&apos;-2.5&apos;,&apos;MaxYLimReal&apos;,&apos;2.5&apos;,&apos;YLabelReal&apos;,&apos;&apos;,&apos;MinYLimMag&apos;,&apos;0.00000&apos;,&apos;MaxYLimMag&apos;,&apos;2.5&apos;,&apos;LegendVisibility&apos;,&apos;off&apos;,&apos;XGrid&apos;,true,&apos;YGrid&apos;,true,&apos;PlotMagPhase&apos;,false,&apos;AxesColor&apos;,[0 0 0],&apos;AxesTickColor&apos;,[0.686274509803922 0.686274509803922 0.686274509803922],&apos;ColorOrder&apos;,[0.0745098039215686 0.623529411764706 1;1 0.411764705882353 0.16078431372549;1 1 0.0666666666666667;0.717647058823529 0.274509803921569 1;0.392156862745098 0.831372549019608 0.0745098039215686;0.0588235294117647 1 1;1 0.0745098039215686 0.650980392156863])),extmgr.Configuration(&apos;Tools&apos;,&apos;Plot Navigation&apos;,true),extmgr.Configuration(&apos;Tools&apos;,&apos;Measurements&apos;,true,&apos;Version&apos;,&apos;2023b&apos;)),&apos;Version&apos;,&apos;2023b&apos;,&apos;Position&apos;,[9 57 1520 724.8],&apos;VisibleAtModelOpen&apos;,&apos;on&apos;)</P>
    <P Name="NumInputPorts">1</P>
    <P Name="Floating">off</P>
  </Block>
  <Block BlockType="Scope" Name="Scope1" SID="19">
    <PortCounts in="2"/>
    <P Name="Position">[1095, 151, 1125, 184]</P>
    <P Name="ZOrder">555</P>
    <P Name="ScopeSpecificationString">Simulink.scopes.TimeScopeBlockCfg(&apos;CurrentConfiguration&apos;, extmgr.ConfigurationSet(extmgr.Configuration(&apos;Core&apos;,&apos;General UI&apos;,true,&apos;FigureColor&apos;,[1 1 1]),extmgr.Configuration(&apos;Core&apos;,&apos;Source UI&apos;,true),extmgr.Configuration(&apos;Sources&apos;,&apos;WiredSimulink&apos;,true,&apos;DataLoggingVariableName&apos;,&apos;ScopeData1&apos;),extmgr.Configuration(&apos;Visuals&apos;,&apos;Time Domain&apos;,true,&apos;SerializedDisplays&apos;,{struct(&apos;MinYLimReal&apos;,&apos;266.25001&apos;,&apos;MaxYLimReal&apos;,&apos;303.75&apos;,&apos;YLabelReal&apos;,&apos;&apos;,&apos;MinYLimMag&apos;,&apos;266.25001&apos;,&apos;MaxYLimMag&apos;,&apos;303.75&apos;,&apos;LegendVisibility&apos;,&apos;On&apos;,&apos;XGrid&apos;,true,&apos;YGrid&apos;,true,&apos;PlotMagPhase&apos;,false,&apos;AxesColor&apos;,[1 1 1],&apos;AxesTickColor&apos;,[0 0 0],&apos;ColorOrder&apos;,[0 0.447058823529412 0.741176470588235;0.850980392156863 0.325490196078431 0.0980392156862745;0.929411764705882 0.694117647058824 0.125490196078431;0.494117647058824 0.184313725490196 0.556862745098039;0.466666666666667 0.674509803921569 0.188235294117647;0.301960784313725 0.745098039215686 0.933333333333333;0.635294117647059 0.0784313725490196 0.184313725490196],&apos;Title&apos;,&apos;%&lt;SignalLabel&gt;&apos;,&apos;LinePropertiesCache&apos;,{{struct(&apos;Color&apos;,[0 0 0],&apos;LineStyle&apos;,&apos;-&apos;,&apos;LineWidth&apos;,1,&apos;Marker&apos;,&apos;none&apos;,&apos;Visible&apos;,&apos;on&apos;)}},&apos;UserDefinedChannelNames&apos;,{{}},&apos;NumLines&apos;,1,&apos;LineNames&apos;,{{&apos;Tc&apos;}},&apos;ShowContent&apos;,true,&apos;Placement&apos;,1),struct(&apos;MinYLimReal&apos;,&apos;293.14334&apos;,&apos;MaxYLimReal&apos;,&apos;328.07394&apos;,&apos;YLabelReal&apos;,&apos;&apos;,&apos;MinYLimMag&apos;,&apos;268.36848&apos;,&apos;MaxYLimMag&apos;,&apos;330.73684&apos;,&apos;LegendVisibility&apos;,&apos;On&apos;,&apos;XGrid&apos;,true,&apos;YGrid&apos;,true,&apos;PlotMagPhase&apos;,false,&apos;AxesColor&apos;,[1 1 1],&apos;AxesTickColor&apos;,[0 0 0],&apos;ColorOrder&apos;,[0 0.447058823529412 0.741176470588235;0.850980392156863 0.325490196078431 0.0980392156862745;0.929411764705882 0.694117647058824 0.125490196078431;0.494117647058824 0.184313725490196 0.556862745098039;0.466666666666667 0.674509803921569 0.188235294117647;0.301960784313725 0.745098039215686 0.933333333333333;0.635294117647059 0.0784313725490196 0.184313725490196],&apos;Title&apos;,&apos;%&lt;SignalLabel&gt;&apos;,&apos;LinePropertiesCache&apos;,{{struct(&apos;Color&apos;,[0 0 0],&apos;LineStyle&apos;,&apos;--&apos;,&apos;LineWidth&apos;,1,&apos;Marker&apos;,&apos;none&apos;,&apos;Visible&apos;,&apos;on&apos;),struct(&apos;Color&apos;,[0 0 0],&apos;LineStyle&apos;,&apos;-&apos;,&apos;LineWidth&apos;,1,&apos;Marker&apos;,&apos;none&apos;,&apos;Visible&apos;,&apos;on&apos;)}},&apos;UserDefinedChannelNames&apos;,{{}},&apos;NumLines&apos;,2,&apos;LineNames&apos;,{{&apos;T_sp&apos;,&apos;T_pred&apos;}},&apos;ShowContent&apos;,true,&apos;Placement&apos;,2)},&apos;DisplayPropertyDefaults&apos;,struct(&apos;YLabelReal&apos;,&apos;&apos;,&apos;XGrid&apos;,true,&apos;YGrid&apos;,true,&apos;PlotMagPhase&apos;,false,&apos;ColorOrder&apos;,[0.0745098039215686 0.623529411764706 1;1 0.411764705882353 0.16078431372549;1 1 0.0666666666666667;0.717647058823529 0.274509803921569 1;0.392156862745098 0.831372549019608 0.0745098039215686;0.0588235294117647 1 1;1 0.0745098039215686 0.650980392156863]),&apos;DisplayLayoutDimensions&apos;,[1 2]),extmgr.Configuration(&apos;Tools&apos;,&apos;Plot Navigation&apos;,true),extmgr.Configuration(&apos;Tools&apos;,&apos;Measurements&apos;,true,&apos;Version&apos;,&apos;2023b&apos;)),&apos;Version&apos;,&apos;2023b&apos;,&apos;Position&apos;,[9 57 1520 724.8],&apos;VisibleAtModelOpen&apos;,&apos;on&apos;)</P>
    <P Name="NumInputPorts">2</P>
    <P Name="Floating">off</P>
  </Block>
  <Block BlockType="Step" Name="Step" SID="25">
    <P Name="Position">[230, 165, 260, 195]</P>
    <P Name="ZOrder">561</P>
    <P Name="Time">500</P>
    <P Name="Before">324.5</P>
    <P Name="After">310</P>
    <P Name="SampleTime">Ts</P>
    <PortProperties>
      <Port Type="out" Index="1">
        <P Name="Name">T_sp</P>
      </Port>
    </PortProperties>
  </Block>
  <Block BlockType="UnitDelay" Name="Unit Delay" SID="21">
    <P Name="Position">[660, 293, 695, 327]</P>
    <P Name="ZOrder">557</P>
    <P Name="BlockMirror">on</P>
    <P Name="InitialCondition">u0</P>
    <P Name="SampleTime">Ts</P>
    <P Name="HasFrameUpgradeWarning">on</P>
  </Block>
  <Block BlockType="ZeroOrderHold" Name="Zero-Order&#xA;Hold" SID="20">
    <P Name="Position">[730, 435, 765, 465]</P>
    <P Name="ZOrder">556</P>
    <P Name="BlockMirror">on</P>
    <P Name="SampleTime">Ts</P>
  </Block>
  <Block BlockType="ZeroOrderHold" Name="Zero-Order&#xA;Hold1" SID="22">
    <P Name="Position">[665, 365, 700, 395]</P>
    <P Name="ZOrder">558</P>
    <P Name="BlockMirror">on</P>
    <P Name="SampleTime">Ts</P>
  </Block>
  <Line>
    <P Name="Name">T_sp</P>
    <P Name="ZOrder">57</P>
    <P Name="Src">25#out:1</P>
    <P Name="Points">[121, 0]</P>
    <Branch>
      <P Name="ZOrder">55</P>
      <P Name="Points">[0, 25]</P>
      <P Name="Dst">12#in:2</P>
    </Branch>
    <Branch>
      <P Name="ZOrder">54</P>
      <P Name="Labels">[2, 1]</P>
      <P Name="Points">[0, -73; 500, 0; 0, 48]</P>
      <P Name="Dst">15#in:1</P>
    </Branch>
  </Line>
  <Line>
    <P Name="ZOrder">14</P>
    <P Name="Src">13#out:1</P>
    <P Name="Points">[-9, 0; 0, -275]</P>
    <P Name="Dst">12#in:1</P>
  </Line>
  <Line>
    <P Name="Name">Tc</P>
    <P Name="ZOrder">15</P>
    <P Name="Src">12#out:1</P>
    <P Name="Points">[69, 0]</P>
    <Branch>
      <P Name="ZOrder">23</P>
      <P Name="Points">[0, -90; 419, 0; 0, 75]</P>
      <P Name="Dst">19#in:1</P>
    </Branch>
    <Branch>
      <P Name="ZOrder">22</P>
      <P Name="Labels">[1, 1]</P>
      <P Name="Points">[93, 0]</P>
      <Branch>
        <P Name="ZOrder">30</P>
        <P Name="Dst">7#in:1</P>
      </Branch>
      <Branch>
        <P Name="ZOrder">28</P>
        <P Name="Points">[0, 135; -6, 0]</P>
        <Branch>
          <P Name="ZOrder">42</P>
          <P Name="Points">[0, 70]</P>
          <P Name="Dst">22#in:1</P>
        </Branch>
        <Branch>
          <P Name="ZOrder">41</P>
          <P Name="Dst">21#in:1</P>
        </Branch>
      </Branch>
    </Branch>
  </Line>
  <Line>
    <P Name="Name">T_pred</P>
    <P Name="ZOrder">17</P>
    <P Name="Labels">[1, 1]</P>
    <P Name="Src">7#out:1</P>
    <P Name="Points">[68, 0]</P>
    <Branch>
      <P Name="ZOrder">25</P>
      <P Name="Points">[0, 275]</P>
      <P Name="Dst">20#in:1</P>
    </Branch>
    <Branch>
      <P Name="ZOrder">24</P>
      <P Name="Dst">15#in:2</P>
    </Branch>
  </Line>
  <Line>
    <P Name="ZOrder">20</P>
    <P Name="Src">12#out:2</P>
    <P Name="Dst">16#in:1</P>
  </Line>
  <Line>
    <P Name="ZOrder">21</P>
    <P Name="Src">15#out:1</P>
    <P Name="Points">[70, 0; 0, 10]</P>
    <P Name="Dst">19#in:2</P>
  </Line>
  <Line>
    <P Name="ZOrder">39</P>
    <P Name="Src">20#out:1</P>
    <P Name="Points">[-103, 0; 0, 15]</P>
    <P Name="Dst">13#in:2</P>
  </Line>
  <Line>
    <P Name="ZOrder">31</P>
    <P Name="Src">21#out:1</P>
    <P Name="Points">[-225, 0]</P>
    <P Name="Dst">12#in:3</P>
  </Line>
  <Line>
    <P Name="ZOrder">40</P>
    <P Name="Src">22#out:1</P>
    <P Name="Points">[-77, 0; 0, 30]</P>
    <P Name="Dst">13#in:1</P>
  </Line>
</System>
