<?xml version="1.0" encoding="utf-8"?>
<System>
  <P Name="Location">[-1, -7, 1537, 817]</P>
  <P Name="Open">on</P>
  <P Name="ZoomFactor">106</P>
  <P Name="ReportName">simulink-default.rpt</P>
  <P Name="SIDHighWatermark">46</P>
  <Block BlockType="Display" Name="Display" SID="43">
    <PortCounts in="1"/>
    <P Name="Position">[935, 85, 1025, 115]</P>
    <P Name="ZOrder">294</P>
    <P Name="Decimation">1</P>
  </Block>
  <Block BlockType="Display" Name="Display1" SID="44">
    <PortCounts in="1"/>
    <P Name="Position">[935, 205, 1025, 235]</P>
    <P Name="ZOrder">295</P>
    <P Name="Decimation">1</P>
  </Block>
  <Block BlockType="Display" Name="Display2" SID="45">
    <PortCounts in="1"/>
    <P Name="Position">[935, -35, 1025, -5]</P>
    <P Name="ZOrder">296</P>
    <P Name="Decimation">1</P>
  </Block>
  <Block BlockType="Display" Name="Display3" SID="46">
    <PortCounts in="1"/>
    <P Name="Position">[915, -155, 1005, -125]</P>
    <P Name="ZOrder">297</P>
    <P Name="Decimation">1</P>
  </Block>
  <Block BlockType="Integrator" Name="Integrator" SID="3">
    <PortCounts in="1" out="1"/>
    <P Name="Position">[735, 85, 765, 115]</P>
    <P Name="ZOrder">259</P>
  </Block>
  <Block BlockType="Integrator" Name="Integrator1" SID="38">
    <PortCounts in="1" out="1"/>
    <P Name="Position">[770, -35, 800, -5]</P>
    <P Name="ZOrder">289</P>
  </Block>
  <Block BlockType="Integrator" Name="Integrator2" SID="39">
    <PortCounts in="1" out="1"/>
    <P Name="Position">[770, 205, 800, 235]</P>
    <P Name="ZOrder">290</P>
  </Block>
  <Block BlockType="Integrator" Name="Integrator3" SID="40">
    <PortCounts in="1" out="1"/>
    <P Name="Position">[750, -155, 780, -125]</P>
    <P Name="ZOrder">291</P>
  </Block>
  <Block BlockType="SubSystem" Name="MATLAB Function" SID="1">
    <PortCounts in="6" out="4"/>
    <P Name="Position">[420, -197, 650, 277]</P>
    <P Name="ZOrder">1</P>
    <P Name="ErrorFcn">Stateflow.Translate.translate</P>
    <P Name="PermitHierarchicalResolution">ExplicitOnly</P>
    <P Name="TreatAsAtomicUnit">on</P>
    <P Name="SFBlockType">MATLAB Function</P>
    <P Name="ContentPreviewEnabled">on</P>
    <PortProperties>
      <Port Type="out" Index="1">
        <P Name="PropagatedSignals">dCadt</P>
      </Port>
      <Port Type="out" Index="2">
        <P Name="PropagatedSignals">dCbdt</P>
      </Port>
      <Port Type="out" Index="3">
        <P Name="PropagatedSignals">dTdt</P>
      </Port>
      <Port Type="out" Index="4">
        <P Name="PropagatedSignals">dTkdt</P>
      </Port>
    </PortProperties>
    <System Ref="system_1"/>
  </Block>
  <Block BlockType="Constant" Name="Qk" SID="42">
    <P Name="Position">[350, -125, 380, -95]</P>
    <P Name="ZOrder">293</P>
    <P Name="Value">0.3106</P>
  </Block>
  <Block BlockType="Constant" Name="q" SID="41">
    <P Name="Position">[350, -175, 380, -145]</P>
    <P Name="ZOrder">292</P>
    <P Name="Value">3.942e-3</P>
  </Block>
  <Line>
    <P Name="ZOrder">1</P>
    <P Name="Src">1#out:3</P>
    <P Name="Dst">3#in:1</P>
  </Line>
  <Line>
    <P Name="ZOrder">54</P>
    <P Name="Src">1#out:4</P>
    <P Name="Dst">39#in:1</P>
  </Line>
  <Line>
    <P Name="ZOrder">55</P>
    <P Name="Src">1#out:2</P>
    <P Name="Dst">38#in:1</P>
  </Line>
  <Line>
    <P Name="ZOrder">56</P>
    <P Name="Src">1#out:1</P>
    <P Name="Dst">40#in:1</P>
  </Line>
  <Line>
    <P Name="ZOrder">57</P>
    <P Name="Src">41#out:1</P>
    <P Name="Dst">1#in:1</P>
  </Line>
  <Line>
    <P Name="ZOrder">58</P>
    <P Name="Src">42#out:1</P>
    <P Name="Points">[7, 0; 0, 30]</P>
    <P Name="Dst">1#in:2</P>
  </Line>
  <Line>
    <P Name="ZOrder">60</P>
    <P Name="Src">40#out:1</P>
    <P Name="Points">[19, 0]</P>
    <Branch>
      <P Name="ZOrder">81</P>
      <P Name="Points">[0, -69; -466, 0; 0, 209]</P>
      <P Name="Dst">1#in:3</P>
    </Branch>
    <Branch>
      <P Name="ZOrder">78</P>
      <P Name="Dst">46#in:1</P>
    </Branch>
  </Line>
  <Line>
    <P Name="ZOrder">63</P>
    <P Name="Src">39#out:1</P>
    <P Name="Points">[7, 0]</P>
    <Branch>
      <P Name="ZOrder">72</P>
      <P Name="Points">[0, 94; -412, 0; 0, -74]</P>
      <P Name="Dst">1#in:6</P>
    </Branch>
    <Branch>
      <P Name="ZOrder">71</P>
      <P Name="Dst">44#in:1</P>
    </Branch>
  </Line>
  <Line>
    <P Name="ZOrder">62</P>
    <P Name="Src">3#out:1</P>
    <P Name="Points">[75, 0]</P>
    <Branch>
      <P Name="ZOrder">66</P>
      <P Name="Dst">43#in:1</P>
    </Branch>
    <Branch>
      <P Name="ZOrder">65</P>
      <P Name="Points">[0, 202; -455, 0; 0, -142]</P>
      <P Name="Dst">1#in:5</P>
    </Branch>
  </Line>
  <Line>
    <P Name="ZOrder">61</P>
    <P Name="Src">38#out:1</P>
    <P Name="Points">[23, 0]</P>
    <Branch>
      <P Name="ZOrder">75</P>
      <P Name="Dst">45#in:1</P>
    </Branch>
    <Branch>
      <P Name="ZOrder">74</P>
      <P Name="Points">[0, -201; -484, 0; 0, 301]</P>
      <P Name="Dst">1#in:4</P>
    </Branch>
  </Line>
</System>
