<?xml version="1.0" encoding="utf-8"?>
<System>
  <P Name="Location">[223, 338, 826, 833]</P>
  <P Name="SIDHighWatermark">38</P>
  <Block BlockType="Inport" Name="q" SID="1::1">
    <P Name="Position">[20, 101, 40, 119]</P>
    <P Name="ZOrder">-1</P>
  </Block>
  <Block BlockType="Inport" Name="Qk" SID="1::28">
    <P Name="Position">[20, 136, 40, 154]</P>
    <P Name="ZOrder">19</P>
    <P Name="Port">2</P>
  </Block>
  <Block BlockType="Inport" Name="Ca" SID="1::35">
    <P Name="Position">[20, 171, 40, 189]</P>
    <P Name="ZOrder">26</P>
    <P Name="Port">3</P>
  </Block>
  <Block BlockType="Inport" Name="Cb" SID="1::36">
    <P Name="Position">[20, 206, 40, 224]</P>
    <P Name="ZOrder">27</P>
    <P Name="Port">4</P>
  </Block>
  <Block BlockType="Inport" Name="T" SID="1::37">
    <P Name="Position">[20, 246, 40, 264]</P>
    <P Name="ZOrder">28</P>
    <P Name="Port">5</P>
  </Block>
  <Block BlockType="Inport" Name="Tk" SID="1::38">
    <P Name="Position">[20, 281, 40, 299]</P>
    <P Name="ZOrder">29</P>
    <P Name="Port">6</P>
  </Block>
  <Block BlockType="Demux" Name=" Demux " SID="1::26">
    <PortCounts in="1" out="1"/>
    <P Name="Position">[270, 280, 320, 320]</P>
    <P Name="ZOrder">17</P>
    <P Name="Outputs">1</P>
  </Block>
  <Block BlockType="S-Function" Name=" SFunction " SID="1::25">
    <P Name="Tag">Stateflow S-Function 2</P>
    <PortCounts in="6" out="5"/>
    <P Name="Position">[180, 112, 230, 253]</P>
    <P Name="ZOrder">16</P>
    <P Name="FunctionName">sf_sfun</P>
    <P Name="PortCounts">[6 5]</P>
    <P Name="SFunctionDeploymentMode">off</P>
    <P Name="EnableBusSupport">on</P>
    <P Name="SFcnIsStateOwnerBlock">off</P>
    <PortProperties>
      <Port Type="out" Index="2">
        <P Name="Name">dCadt</P>
      </Port>
      <Port Type="out" Index="3">
        <P Name="Name">dCbdt</P>
      </Port>
      <Port Type="out" Index="4">
        <P Name="Name">dTdt</P>
      </Port>
      <Port Type="out" Index="5">
        <P Name="Name">dTkdt</P>
      </Port>
    </PortProperties>
  </Block>
  <Block BlockType="Terminator" Name=" Terminator " SID="1::27">
    <P Name="Position">[460, 291, 480, 309]</P>
    <P Name="ZOrder">18</P>
  </Block>
  <Block BlockType="Outport" Name="dCadt" SID="1::5">
    <P Name="Position">[460, 101, 480, 119]</P>
    <P Name="ZOrder">-5</P>
  </Block>
  <Block BlockType="Outport" Name="dCbdt" SID="1::29">
    <P Name="Position">[460, 136, 480, 154]</P>
    <P Name="ZOrder">20</P>
    <P Name="Port">2</P>
  </Block>
  <Block BlockType="Outport" Name="dTdt" SID="1::30">
    <P Name="Position">[460, 171, 480, 189]</P>
    <P Name="ZOrder">21</P>
    <P Name="Port">3</P>
  </Block>
  <Block BlockType="Outport" Name="dTkdt" SID="1::31">
    <P Name="Position">[460, 206, 480, 224]</P>
    <P Name="ZOrder">22</P>
    <P Name="Port">4</P>
  </Block>
  <Line>
    <P Name="ZOrder">179</P>
    <P Name="Src">1::1#out:1</P>
    <P Name="Points">[60, 0; 0, 10]</P>
    <P Name="Dst">1::25#in:1</P>
  </Line>
  <Line>
    <P Name="ZOrder">180</P>
    <P Name="Src">1::28#out:1</P>
    <P Name="Dst">1::25#in:2</P>
  </Line>
  <Line>
    <P Name="ZOrder">181</P>
    <P Name="Src">1::35#out:1</P>
    <P Name="Points">[30, 0; 0, -10]</P>
    <P Name="Dst">1::25#in:3</P>
  </Line>
  <Line>
    <P Name="ZOrder">182</P>
    <P Name="Src">1::36#out:1</P>
    <P Name="Points">[49, 0; 0, -20]</P>
    <P Name="Dst">1::25#in:4</P>
  </Line>
  <Line>
    <P Name="ZOrder">183</P>
    <P Name="Src">1::37#out:1</P>
    <P Name="Points">[70, 0; 0, -35]</P>
    <P Name="Dst">1::25#in:5</P>
  </Line>
  <Line>
    <P Name="ZOrder">184</P>
    <P Name="Src">1::38#out:1</P>
    <P Name="Points">[89, 0; 0, -45]</P>
    <P Name="Dst">1::25#in:6</P>
  </Line>
  <Line>
    <P Name="Name">dCadt</P>
    <P Name="ZOrder">185</P>
    <P Name="Labels">[0, 0]</P>
    <P Name="Src">1::25#out:2</P>
    <P Name="Points">[44, 0; 0, -45]</P>
    <P Name="Dst">1::5#in:1</P>
  </Line>
  <Line>
    <P Name="Name">dCbdt</P>
    <P Name="ZOrder">186</P>
    <P Name="Labels">[0, 0]</P>
    <P Name="Src">1::25#out:3</P>
    <P Name="Points">[88, 0; 0, -40]</P>
    <P Name="Dst">1::29#in:1</P>
  </Line>
  <Line>
    <P Name="Name">dTdt</P>
    <P Name="ZOrder">187</P>
    <P Name="Labels">[0, 0]</P>
    <P Name="Src">1::25#out:4</P>
    <P Name="Points">[132, 0; 0, -35]</P>
    <P Name="Dst">1::30#in:1</P>
  </Line>
  <Line>
    <P Name="Name">dTkdt</P>
    <P Name="ZOrder">188</P>
    <P Name="Labels">[0, 0]</P>
    <P Name="Src">1::25#out:5</P>
    <P Name="Points">[176, 0; 0, -30]</P>
    <P Name="Dst">1::31#in:1</P>
  </Line>
  <Line>
    <P Name="ZOrder">189</P>
    <P Name="Src">1::26#out:1</P>
    <P Name="Dst">1::27#in:1</P>
  </Line>
  <Line>
    <P Name="ZOrder">190</P>
    <P Name="Src">1::25#out:1</P>
    <P Name="Points">[15, 0; 0, 175]</P>
    <P Name="Dst">1::26#in:1</P>
  </Line>
</System>
