<?xml version="1.0" encoding="UTF-8" standalone="yes" ?>
<cp:coreProperties xmlns:cp="http://schemas.openxmlformats.org/package/2006/metadata/core-properties" xmlns:dc="http://purl.org/dc/elements/1.1/" xmlns:dcmitype="http://purl.org/dc/dcmitype/" xmlns:dcterms="http://purl.org/dc/terms/" xmlns:xsi="http://www.w3.org/2001/XMLSchema-instance">
  <cp:category>model</cp:category>
  <dcterms:created xsi:type="dcterms:W3CDTF">2024-09-10T16:03:34Z</dcterms:created>
  <dc:creator>DELL</dc:creator>
  <cp:lastModifiedBy>DELL</cp:lastModifiedBy>
  <dcterms:modified xsi:type="dcterms:W3CDTF">2024-09-16T13:11:35Z</dcterms:modified>
  <cp:revision>1.11</cp:revision>
  <cp:version>R2023b</cp:version>
</cp:coreProperties>
